{
    "results": {
        "tool": {
            "name": "pytest",
            "version": "8.4.1"
        },
        "summary": {
            "tests": 1,
            "passed": 1,
            "failed": 0,
            "skipped": 0,
            "pending": 0,
            "other": 0,
            "start": 1773281067.3940854,
            "stop": 1773281067.3987584
        },
        "tests": [
            {
                "name": "test_outputs.py::test_outputs",
                "status": "passed",
                "duration": 0.00029040989466011524,
                "start": 1773281067.3982193,
                "stop": 1773281067.3986552,
                "retries": 0,
                "file_path": "test_outputs.py"
            }
        ]
    }
}