{
    "results": {
        "tool": {
            "name": "pytest",
            "version": "8.4.1"
        },
        "summary": {
            "tests": 2,
            "passed": 2,
            "failed": 0,
            "skipped": 0,
            "pending": 0,
            "other": 0,
            "start": 1776618660.411393,
            "stop": 1776618660.4483788
        },
        "tests": [
            {
                "name": "test_final_state.py::test_commits_squashed",
                "status": "passed",
                "duration": 0.024647472018841654,
                "start": 1776618660.4222517,
                "stop": 1776618660.447175,
                "retries": 0,
                "file_path": "test_final_state.py"
            },
            {
                "name": "test_final_state.py::test_file_contents",
                "status": "passed",
                "duration": 0.0005456229846458882,
                "start": 1776618660.4474928,
                "stop": 1776618660.4481735,
                "retries": 0,
                "file_path": "test_final_state.py"
            }
        ]
    }
}