{
    "results": {
        "tool": {
            "name": "pytest",
            "version": "8.4.1"
        },
        "summary": {
            "tests": 1,
            "passed": 1,
            "failed": 0,
            "skipped": 0,
            "pending": 0,
            "other": 0,
            "start": 1773280961.3441503,
            "stop": 1773280961.3490705
        },
        "tests": [
            {
                "name": "test_outputs.py::test_outputs",
                "status": "passed",
                "duration": 0.0002948160981759429,
                "start": 1773280961.3485408,
                "stop": 1773280961.3489661,
                "retries": 0,
                "file_path": "test_outputs.py"
            }
        ]
    }
}