{
    "results": {
        "tool": {
            "name": "pytest",
            "version": "8.4.1"
        },
        "summary": {
            "tests": 1,
            "passed": 1,
            "failed": 0,
            "skipped": 0,
            "pending": 0,
            "other": 0,
            "start": 1774598932.7822804,
            "stop": 1774598932.7870157
        },
        "tests": [
            {
                "name": "test_outputs.py::test_outputs",
                "status": "passed",
                "duration": 0.00031358678825199604,
                "start": 1774598932.7864678,
                "stop": 1774598932.7869089,
                "retries": 0,
                "file_path": "test_outputs.py"
            }
        ]
    }
}