{
    "results": {
        "tool": {
            "name": "pytest",
            "version": "8.4.1"
        },
        "summary": {
            "tests": 1,
            "passed": 1,
            "failed": 0,
            "skipped": 0,
            "pending": 0,
            "other": 0,
            "start": 1774411516.2521718,
            "stop": 1774411516.2557843
        },
        "tests": [
            {
                "name": "test_outputs.py::test_outputs",
                "status": "passed",
                "duration": 0.0002587940252851695,
                "start": 1774411516.255248,
                "stop": 1774411516.255656,
                "retries": 0,
                "file_path": "test_outputs.py"
            }
        ]
    }
}