{
    "results": {
        "tool": {
            "name": "pytest",
            "version": "8.4.1"
        },
        "summary": {
            "tests": 1,
            "passed": 1,
            "failed": 0,
            "skipped": 0,
            "pending": 0,
            "other": 0,
            "start": 1774409506.8055046,
            "stop": 1774409506.8088229
        },
        "tests": [
            {
                "name": "test_outputs.py::test_outputs",
                "status": "passed",
                "duration": 0.00024207899696193635,
                "start": 1774409506.8083212,
                "stop": 1774409506.8086886,
                "retries": 0,
                "file_path": "test_outputs.py"
            }
        ]
    }
}