{
    "results": {
        "tool": {
            "name": "pytest",
            "version": "8.4.1"
        },
        "summary": {
            "tests": 1,
            "passed": 1,
            "failed": 0,
            "skipped": 0,
            "pending": 0,
            "other": 0,
            "start": 1773239211.547496,
            "stop": 1773239211.5518548
        },
        "tests": [
            {
                "name": "test_outputs.py::test_outputs",
                "status": "passed",
                "duration": 0.00027029775083065033,
                "start": 1773239211.5513759,
                "stop": 1773239211.551759,
                "retries": 0,
                "file_path": "test_outputs.py"
            }
        ]
    }
}