{
    "results": {
        "tool": {
            "name": "pytest",
            "version": "8.4.1"
        },
        "summary": {
            "tests": 1,
            "passed": 1,
            "failed": 0,
            "skipped": 0,
            "pending": 0,
            "other": 0,
            "start": 1773254282.9945407,
            "stop": 1773254282.9991732
        },
        "tests": [
            {
                "name": "test_outputs.py::test_outputs",
                "status": "passed",
                "duration": 0.0003034330438822508,
                "start": 1773254282.9986424,
                "stop": 1773254282.9990666,
                "retries": 0,
                "file_path": "test_outputs.py"
            }
        ]
    }
}