{
    "results": {
        "tool": {
            "name": "pytest",
            "version": "8.4.1"
        },
        "summary": {
            "tests": 1,
            "passed": 1,
            "failed": 0,
            "skipped": 0,
            "pending": 0,
            "other": 0,
            "start": 1774412017.856777,
            "stop": 1774412017.8607178
        },
        "tests": [
            {
                "name": "test_outputs.py::test_outputs",
                "status": "passed",
                "duration": 0.00034441897878423333,
                "start": 1774412017.860049,
                "stop": 1774412017.8605573,
                "retries": 0,
                "file_path": "test_outputs.py"
            }
        ]
    }
}