{
    "results": {
        "tool": {
            "name": "pytest",
            "version": "8.4.1"
        },
        "summary": {
            "tests": 1,
            "passed": 1,
            "failed": 0,
            "skipped": 0,
            "pending": 0,
            "other": 0,
            "start": 1774411737.4282088,
            "stop": 1774411737.4317195
        },
        "tests": [
            {
                "name": "test_outputs.py::test_outputs",
                "status": "passed",
                "duration": 0.0003042519965674728,
                "start": 1774411737.4311383,
                "stop": 1774411737.4315794,
                "retries": 0,
                "file_path": "test_outputs.py"
            }
        ]
    }
}