{
    "results": {
        "tool": {
            "name": "pytest",
            "version": "8.4.1"
        },
        "summary": {
            "tests": 1,
            "passed": 1,
            "failed": 0,
            "skipped": 0,
            "pending": 0,
            "other": 0,
            "start": 1773238946.2262917,
            "stop": 1773238946.2675366
        },
        "tests": [
            {
                "name": "test_outputs.py::test_outputs",
                "status": "passed",
                "duration": 0.0003037061542272568,
                "start": 1773238946.2669804,
                "stop": 1773238946.2674274,
                "retries": 0,
                "file_path": "test_outputs.py"
            }
        ]
    }
}