{
    "results": {
        "tool": {
            "name": "pytest",
            "version": "8.4.1"
        },
        "summary": {
            "tests": 2,
            "passed": 2,
            "failed": 0,
            "skipped": 0,
            "pending": 0,
            "other": 0,
            "start": 1776486070.6927822,
            "stop": 1776486070.726545
        },
        "tests": [
            {
                "name": "test_final_state.py::test_repo_exists",
                "status": "passed",
                "duration": 0.0005136140098329633,
                "start": 1776486070.703751,
                "stop": 1776486070.7044718,
                "retries": 0,
                "file_path": "test_final_state.py"
            },
            {
                "name": "test_final_state.py::test_jj_log_output",
                "status": "passed",
                "duration": 0.021469913990586065,
                "start": 1776486070.7046642,
                "stop": 1776486070.7263565,
                "retries": 0,
                "file_path": "test_final_state.py"
            }
        ]
    }
}