{
    "results": {
        "tool": {
            "name": "pytest",
            "version": "8.4.1"
        },
        "summary": {
            "tests": 1,
            "passed": 1,
            "failed": 0,
            "skipped": 0,
            "pending": 0,
            "other": 0,
            "start": 1774600172.035339,
            "stop": 1774600172.0400074
        },
        "tests": [
            {
                "name": "test_outputs.py::test_outputs",
                "status": "passed",
                "duration": 0.00028735119849443436,
                "start": 1774600172.0394905,
                "stop": 1774600172.039902,
                "retries": 0,
                "file_path": "test_outputs.py"
            }
        ]
    }
}