{
    "results": {
        "tool": {
            "name": "pytest",
            "version": "8.4.1"
        },
        "summary": {
            "tests": 1,
            "passed": 1,
            "failed": 0,
            "skipped": 0,
            "pending": 0,
            "other": 0,
            "start": 1774411446.6691518,
            "stop": 1774411446.672991
        },
        "tests": [
            {
                "name": "test_outputs.py::test_outputs",
                "status": "passed",
                "duration": 0.00029721204191446304,
                "start": 1774411446.6724079,
                "stop": 1774411446.6728463,
                "retries": 0,
                "file_path": "test_outputs.py"
            }
        ]
    }
}