{
    "results": {
        "tool": {
            "name": "pytest",
            "version": "8.4.1"
        },
        "summary": {
            "tests": 1,
            "passed": 1,
            "failed": 0,
            "skipped": 0,
            "pending": 0,
            "other": 0,
            "start": 1773239018.1012022,
            "stop": 1773239018.1062157
        },
        "tests": [
            {
                "name": "test_outputs.py::test_outputs",
                "status": "passed",
                "duration": 0.0002853700425475836,
                "start": 1773239018.10569,
                "stop": 1773239018.1061077,
                "retries": 0,
                "file_path": "test_outputs.py"
            }
        ]
    }
}