{
    "results": {
        "tool": {
            "name": "pytest",
            "version": "8.4.1"
        },
        "summary": {
            "tests": 1,
            "passed": 1,
            "failed": 0,
            "skipped": 0,
            "pending": 0,
            "other": 0,
            "start": 1774599964.033845,
            "stop": 1774599964.0385907
        },
        "tests": [
            {
                "name": "test_outputs.py::test_outputs",
                "status": "passed",
                "duration": 0.00029505230486392975,
                "start": 1774599964.0380623,
                "stop": 1774599964.0384853,
                "retries": 0,
                "file_path": "test_outputs.py"
            }
        ]
    }
}