{
    "results": {
        "tool": {
            "name": "pytest",
            "version": "8.4.1"
        },
        "summary": {
            "tests": 1,
            "passed": 1,
            "failed": 0,
            "skipped": 0,
            "pending": 0,
            "other": 0,
            "start": 1773292065.4869287,
            "stop": 1773292065.4916956
        },
        "tests": [
            {
                "name": "test_outputs.py::test_outputs",
                "status": "passed",
                "duration": 0.00032545195426791906,
                "start": 1773292065.491127,
                "stop": 1773292065.4915884,
                "retries": 0,
                "file_path": "test_outputs.py"
            }
        ]
    }
}