{
    "results": {
        "tool": {
            "name": "pytest",
            "version": "8.4.1"
        },
        "summary": {
            "tests": 1,
            "passed": 1,
            "failed": 0,
            "skipped": 0,
            "pending": 0,
            "other": 0,
            "start": 1773254511.2149463,
            "stop": 1773254511.2195528
        },
        "tests": [
            {
                "name": "test_outputs.py::test_outputs",
                "status": "passed",
                "duration": 0.0002902899868786335,
                "start": 1773254511.219039,
                "stop": 1773254511.2194495,
                "retries": 0,
                "file_path": "test_outputs.py"
            }
        ]
    }
}