{
    "results": {
        "tool": {
            "name": "pytest",
            "version": "8.4.1"
        },
        "summary": {
            "tests": 1,
            "passed": 1,
            "failed": 0,
            "skipped": 0,
            "pending": 0,
            "other": 0,
            "start": 1773280938.1497538,
            "stop": 1773280938.1540205
        },
        "tests": [
            {
                "name": "test_outputs.py::test_outputs",
                "status": "passed",
                "duration": 0.00026056496426463127,
                "start": 1773280938.1535537,
                "stop": 1773280938.153927,
                "retries": 0,
                "file_path": "test_outputs.py"
            }
        ]
    }
}