{
    "results": {
        "tool": {
            "name": "pytest",
            "version": "8.4.1"
        },
        "summary": {
            "tests": 1,
            "passed": 1,
            "failed": 0,
            "skipped": 0,
            "pending": 0,
            "other": 0,
            "start": 1773291188.9960184,
            "stop": 1773291189.0009933
        },
        "tests": [
            {
                "name": "test_outputs.py::test_outputs",
                "status": "passed",
                "duration": 0.00030553899705410004,
                "start": 1773291189.0004432,
                "stop": 1773291189.0008762,
                "retries": 0,
                "file_path": "test_outputs.py"
            }
        ]
    }
}