{
    "results": {
        "tool": {
            "name": "pytest",
            "version": "8.4.1"
        },
        "summary": {
            "tests": 1,
            "passed": 1,
            "failed": 0,
            "skipped": 0,
            "pending": 0,
            "other": 0,
            "start": 1773239191.9561572,
            "stop": 1773239191.9606001
        },
        "tests": [
            {
                "name": "test_outputs.py::test_outputs",
                "status": "passed",
                "duration": 0.00026984885334968567,
                "start": 1773239191.9601195,
                "stop": 1773239191.9605029,
                "retries": 0,
                "file_path": "test_outputs.py"
            }
        ]
    }
}