{
    "results": {
        "tool": {
            "name": "pytest",
            "version": "8.4.1"
        },
        "summary": {
            "tests": 2,
            "passed": 2,
            "failed": 0,
            "skipped": 0,
            "pending": 0,
            "other": 0,
            "start": 1776220238.5545468,
            "stop": 1776220238.5671184
        },
        "tests": [
            {
                "name": "test_final_state.py::test_diff_file_exists",
                "status": "passed",
                "duration": 0.0004833405837416649,
                "start": 1776220238.5654206,
                "stop": 1776220238.5661464,
                "retries": 0,
                "file_path": "test_final_state.py"
            },
            {
                "name": "test_final_state.py::test_diff_content",
                "status": "passed",
                "duration": 0.00047865603119134903,
                "start": 1776220238.5663345,
                "stop": 1776220238.5669672,
                "retries": 0,
                "file_path": "test_final_state.py"
            }
        ]
    }
}