{
    "results": {
        "tool": {
            "name": "pytest",
            "version": "8.4.1"
        },
        "summary": {
            "tests": 1,
            "passed": 1,
            "failed": 0,
            "skipped": 0,
            "pending": 0,
            "other": 0,
            "start": 1773245956.5711782,
            "stop": 1773245956.5755677
        },
        "tests": [
            {
                "name": "test_outputs.py::test_outputs",
                "status": "passed",
                "duration": 0.00029052048921585083,
                "start": 1773245956.5750513,
                "stop": 1773245956.575469,
                "retries": 0,
                "file_path": "test_outputs.py"
            }
        ]
    }
}