{
    "results": {
        "tool": {
            "name": "pytest",
            "version": "8.4.1"
        },
        "summary": {
            "tests": 2,
            "passed": 2,
            "failed": 0,
            "skipped": 0,
            "pending": 0,
            "other": 0,
            "start": 1776419394.3198097,
            "stop": 1776419394.4275372
        },
        "tests": [
            {
                "name": "test_final_state.py::test_file_content",
                "status": "passed",
                "duration": 0.0006176480019348674,
                "start": 1776419394.3974571,
                "stop": 1776419394.3983648,
                "retries": 0,
                "file_path": "test_final_state.py"
            },
            {
                "name": "test_final_state.py::test_jj_log",
                "status": "passed",
                "duration": 0.028371145002893172,
                "start": 1776419394.3986404,
                "stop": 1776419394.4272783,
                "retries": 0,
                "file_path": "test_final_state.py"
            }
        ]
    }
}