{
    "results": {
        "tool": {
            "name": "pytest",
            "version": "8.4.1"
        },
        "summary": {
            "tests": 1,
            "passed": 1,
            "failed": 0,
            "skipped": 0,
            "pending": 0,
            "other": 0,
            "start": 1773235676.1328366,
            "stop": 1773235676.1380613
        },
        "tests": [
            {
                "name": "test_outputs.py::test_outputs",
                "status": "passed",
                "duration": 0.0003090798854827881,
                "start": 1773235676.1375103,
                "stop": 1773235676.1379502,
                "retries": 0,
                "file_path": "test_outputs.py"
            }
        ]
    }
}