{
    "results": {
        "tool": {
            "name": "pytest",
            "version": "8.4.1"
        },
        "summary": {
            "tests": 1,
            "passed": 1,
            "failed": 0,
            "skipped": 0,
            "pending": 0,
            "other": 0,
            "start": 1774598593.7299478,
            "stop": 1774598593.7352264
        },
        "tests": [
            {
                "name": "test_outputs.py::test_outputs",
                "status": "passed",
                "duration": 0.0003128666430711746,
                "start": 1774598593.73466,
                "stop": 1774598593.7351077,
                "retries": 0,
                "file_path": "test_outputs.py"
            }
        ]
    }
}