{
    "results": {
        "tool": {
            "name": "pytest",
            "version": "8.4.1"
        },
        "summary": {
            "tests": 1,
            "passed": 1,
            "failed": 0,
            "skipped": 0,
            "pending": 0,
            "other": 0,
            "start": 1774600116.5303636,
            "stop": 1774600116.5359051
        },
        "tests": [
            {
                "name": "test_outputs.py::test_outputs",
                "status": "passed",
                "duration": 0.00032825767993927,
                "start": 1774600116.5353115,
                "stop": 1774600116.5357802,
                "retries": 0,
                "file_path": "test_outputs.py"
            }
        ]
    }
}