{
    "results": {
        "tool": {
            "name": "pytest",
            "version": "8.4.1"
        },
        "summary": {
            "tests": 2,
            "passed": 2,
            "failed": 0,
            "skipped": 0,
            "pending": 0,
            "other": 0,
            "start": 1776421425.9596093,
            "stop": 1776421425.9990695
        },
        "tests": [
            {
                "name": "test_final_state.py::test_repo_exists",
                "status": "passed",
                "duration": 0.0006355920049827546,
                "start": 1776421425.9719367,
                "stop": 1776421425.972809,
                "retries": 0,
                "file_path": "test_final_state.py"
            },
            {
                "name": "test_final_state.py::test_jj_log_output",
                "status": "passed",
                "duration": 0.025579337998351548,
                "start": 1776421425.9730709,
                "stop": 1776421425.9988658,
                "retries": 0,
                "file_path": "test_final_state.py"
            }
        ]
    }
}