{
    "results": {
        "tool": {
            "name": "pytest",
            "version": "8.4.1"
        },
        "summary": {
            "tests": 2,
            "passed": 2,
            "failed": 0,
            "skipped": 0,
            "pending": 0,
            "other": 0,
            "start": 1776421958.082969,
            "stop": 1776421958.1198268
        },
        "tests": [
            {
                "name": "test_final_state.py::test_config_restored",
                "status": "passed",
                "duration": 0.0006639309940510429,
                "start": 1776421958.0926507,
                "stop": 1776421958.0936537,
                "retries": 0,
                "file_path": "test_final_state.py"
            },
            {
                "name": "test_final_state.py::test_jj_repo_intact",
                "status": "passed",
                "duration": 0.02534485000069253,
                "start": 1776421958.0938632,
                "stop": 1776421958.1195962,
                "retries": 0,
                "file_path": "test_final_state.py"
            }
        ]
    }
}