{
    "results": {
        "tool": {
            "name": "pytest",
            "version": "8.4.1"
        },
        "summary": {
            "tests": 1,
            "passed": 1,
            "failed": 0,
            "skipped": 0,
            "pending": 0,
            "other": 0,
            "start": 1773254225.6435916,
            "stop": 1773254225.6485002
        },
        "tests": [
            {
                "name": "test_outputs.py::test_outputs",
                "status": "passed",
                "duration": 0.0003051161766052246,
                "start": 1773254225.6479604,
                "stop": 1773254225.6483989,
                "retries": 0,
                "file_path": "test_outputs.py"
            }
        ]
    }
}