{
    "results": {
        "tool": {
            "name": "pytest",
            "version": "8.4.1"
        },
        "summary": {
            "tests": 1,
            "passed": 1,
            "failed": 0,
            "skipped": 0,
            "pending": 0,
            "other": 0,
            "start": 1773246059.3236835,
            "stop": 1773246059.3286173
        },
        "tests": [
            {
                "name": "test_outputs.py::test_outputs",
                "status": "passed",
                "duration": 0.00029177009128034115,
                "start": 1773246059.3280857,
                "stop": 1773246059.3285155,
                "retries": 0,
                "file_path": "test_outputs.py"
            }
        ]
    }
}