{
    "results": {
        "tool": {
            "name": "pytest",
            "version": "8.4.1"
        },
        "summary": {
            "tests": 1,
            "passed": 1,
            "failed": 0,
            "skipped": 0,
            "pending": 0,
            "other": 0,
            "start": 1773239073.8829007,
            "stop": 1773239073.887388
        },
        "tests": [
            {
                "name": "test_outputs.py::test_outputs",
                "status": "passed",
                "duration": 0.0002969983033835888,
                "start": 1773239073.8868732,
                "stop": 1773239073.8872893,
                "retries": 0,
                "file_path": "test_outputs.py"
            }
        ]
    }
}