{
    "results": {
        "tool": {
            "name": "pytest",
            "version": "8.4.1"
        },
        "summary": {
            "tests": 1,
            "passed": 1,
            "failed": 0,
            "skipped": 0,
            "pending": 0,
            "other": 0,
            "start": 1773235404.1422122,
            "stop": 1773235404.1465456
        },
        "tests": [
            {
                "name": "test_outputs.py::test_outputs",
                "status": "passed",
                "duration": 0.0002687182277441025,
                "start": 1773235404.1460426,
                "stop": 1773235404.1464524,
                "retries": 0,
                "file_path": "test_outputs.py"
            }
        ]
    }
}