{
    "results": {
        "tool": {
            "name": "pytest",
            "version": "8.4.1"
        },
        "summary": {
            "tests": 1,
            "passed": 1,
            "failed": 0,
            "skipped": 0,
            "pending": 0,
            "other": 0,
            "start": 1773246181.2498865,
            "stop": 1773246181.2542448
        },
        "tests": [
            {
                "name": "test_outputs.py::test_outputs",
                "status": "passed",
                "duration": 0.00025638751685619354,
                "start": 1773246181.2537844,
                "stop": 1773246181.2541513,
                "retries": 0,
                "file_path": "test_outputs.py"
            }
        ]
    }
}