{
    "results": {
        "tool": {
            "name": "pytest",
            "version": "8.4.1"
        },
        "summary": {
            "tests": 2,
            "passed": 2,
            "failed": 0,
            "skipped": 0,
            "pending": 0,
            "other": 0,
            "start": 1776618792.3950162,
            "stop": 1776618792.4304385
        },
        "tests": [
            {
                "name": "test_final_state.py::test_repo_exists",
                "status": "passed",
                "duration": 0.00055547000374645,
                "start": 1776618792.4061978,
                "stop": 1776618792.4069862,
                "retries": 0,
                "file_path": "test_final_state.py"
            },
            {
                "name": "test_final_state.py::test_jj_log_output",
                "status": "passed",
                "duration": 0.02281908498844132,
                "start": 1776618792.4072175,
                "stop": 1776618792.4302366,
                "retries": 0,
                "file_path": "test_final_state.py"
            }
        ]
    }
}