{
    "results": {
        "tool": {
            "name": "pytest",
            "version": "8.4.1"
        },
        "summary": {
            "tests": 2,
            "passed": 2,
            "failed": 0,
            "skipped": 0,
            "pending": 0,
            "other": 0,
            "start": 1776617792.5744727,
            "stop": 1776617792.6760693
        },
        "tests": [
            {
                "name": "test_final_state.py::test_file_content",
                "status": "passed",
                "duration": 0.0005107439938001335,
                "start": 1776617792.6479023,
                "stop": 1776617792.648641,
                "retries": 0,
                "file_path": "test_final_state.py"
            },
            {
                "name": "test_final_state.py::test_jj_log",
                "status": "passed",
                "duration": 0.026838838995900005,
                "start": 1776617792.6488283,
                "stop": 1776617792.675874,
                "retries": 0,
                "file_path": "test_final_state.py"
            }
        ]
    }
}