{
    "results": {
        "tool": {
            "name": "pytest",
            "version": "8.4.1"
        },
        "summary": {
            "tests": 2,
            "passed": 2,
            "failed": 0,
            "skipped": 0,
            "pending": 0,
            "other": 0,
            "start": 1776833277.923562,
            "stop": 1776833278.0139573
        },
        "tests": [
            {
                "name": "test_final_state.py::test_file_content",
                "status": "passed",
                "duration": 0.0005567850894294679,
                "start": 1776833277.9867792,
                "stop": 1776833277.9876344,
                "retries": 0,
                "file_path": "test_final_state.py"
            },
            {
                "name": "test_final_state.py::test_jj_log",
                "status": "passed",
                "duration": 0.02548492403002456,
                "start": 1776833277.9879773,
                "stop": 1776833278.0137262,
                "retries": 0,
                "file_path": "test_final_state.py"
            }
        ]
    }
}