{
    "results": {
        "tool": {
            "name": "pytest",
            "version": "8.4.1"
        },
        "summary": {
            "tests": 1,
            "passed": 1,
            "failed": 0,
            "skipped": 0,
            "pending": 0,
            "other": 0,
            "start": 1773291630.366177,
            "stop": 1773291630.3711436
        },
        "tests": [
            {
                "name": "test_outputs.py::test_outputs",
                "status": "passed",
                "duration": 0.00029267696663737297,
                "start": 1773291630.3706176,
                "stop": 1773291630.3710413,
                "retries": 0,
                "file_path": "test_outputs.py"
            }
        ]
    }
}