{
    "results": {
        "tool": {
            "name": "pytest",
            "version": "8.4.1"
        },
        "summary": {
            "tests": 2,
            "passed": 2,
            "failed": 0,
            "skipped": 0,
            "pending": 0,
            "other": 0,
            "start": 1776275619.1808932,
            "stop": 1776275619.2128248
        },
        "tests": [
            {
                "name": "test_final_state.py::test_commits_squashed",
                "status": "passed",
                "duration": 0.02159613650292158,
                "start": 1776275619.1897943,
                "stop": 1776275619.211661,
                "retries": 0,
                "file_path": "test_final_state.py"
            },
            {
                "name": "test_final_state.py::test_file_contents",
                "status": "passed",
                "duration": 0.00047610700130462646,
                "start": 1776275619.211992,
                "stop": 1776275619.2126038,
                "retries": 0,
                "file_path": "test_final_state.py"
            }
        ]
    }
}