{
    "results": {
        "tool": {
            "name": "pytest",
            "version": "8.4.1"
        },
        "summary": {
            "tests": 1,
            "passed": 1,
            "failed": 0,
            "skipped": 0,
            "pending": 0,
            "other": 0,
            "start": 1773255270.3937814,
            "stop": 1773255270.3982863
        },
        "tests": [
            {
                "name": "test_outputs.py::test_outputs",
                "status": "passed",
                "duration": 0.000303149688988924,
                "start": 1773255270.3977628,
                "stop": 1773255270.3981872,
                "retries": 0,
                "file_path": "test_outputs.py"
            }
        ]
    }
}