{
    "results": {
        "tool": {
            "name": "pytest",
            "version": "8.4.1"
        },
        "summary": {
            "tests": 1,
            "passed": 1,
            "failed": 0,
            "skipped": 0,
            "pending": 0,
            "other": 0,
            "start": 1773290662.239777,
            "stop": 1773290662.2788668
        },
        "tests": [
            {
                "name": "test_outputs.py::test_outputs",
                "status": "passed",
                "duration": 0.0002746901009231806,
                "start": 1773290662.2783608,
                "stop": 1773290662.2787657,
                "retries": 0,
                "file_path": "test_outputs.py"
            }
        ]
    }
}