{
    "results": {
        "tool": {
            "name": "pytest",
            "version": "8.4.1"
        },
        "summary": {
            "tests": 1,
            "passed": 1,
            "failed": 0,
            "skipped": 0,
            "pending": 0,
            "other": 0,
            "start": 1773284393.593636,
            "stop": 1773284393.5980418
        },
        "tests": [
            {
                "name": "test_outputs.py::test_outputs",
                "status": "passed",
                "duration": 0.00026677781715989113,
                "start": 1773284393.597553,
                "stop": 1773284393.5979357,
                "retries": 0,
                "file_path": "test_outputs.py"
            }
        ]
    }
}