{
    "results": {
        "tool": {
            "name": "pytest",
            "version": "8.4.1"
        },
        "summary": {
            "tests": 1,
            "passed": 1,
            "failed": 0,
            "skipped": 0,
            "pending": 0,
            "other": 0,
            "start": 1774599731.8054907,
            "stop": 1774599731.8108544
        },
        "tests": [
            {
                "name": "test_outputs.py::test_outputs",
                "status": "passed",
                "duration": 0.00032171793282032013,
                "start": 1774599731.8102756,
                "stop": 1774599731.810736,
                "retries": 0,
                "file_path": "test_outputs.py"
            }
        ]
    }
}