{
    "results": {
        "tool": {
            "name": "pytest",
            "version": "8.4.1"
        },
        "summary": {
            "tests": 1,
            "passed": 1,
            "failed": 0,
            "skipped": 0,
            "pending": 0,
            "other": 0,
            "start": 1773292427.8797073,
            "stop": 1773292427.8842983
        },
        "tests": [
            {
                "name": "test_outputs.py::test_outputs",
                "status": "passed",
                "duration": 0.0002864799462258816,
                "start": 1773292427.8837876,
                "stop": 1773292427.8841953,
                "retries": 0,
                "file_path": "test_outputs.py"
            }
        ]
    }
}