{
    "results": {
        "tool": {
            "name": "pytest",
            "version": "8.4.1"
        },
        "summary": {
            "tests": 1,
            "passed": 1,
            "failed": 0,
            "skipped": 0,
            "pending": 0,
            "other": 0,
            "start": 1773254275.871108,
            "stop": 1773254275.8758936
        },
        "tests": [
            {
                "name": "test_outputs.py::test_outputs",
                "status": "passed",
                "duration": 0.00028302031569182873,
                "start": 1773254275.8753872,
                "stop": 1773254275.8757937,
                "retries": 0,
                "file_path": "test_outputs.py"
            }
        ]
    }
}