{
    "results": {
        "tool": {
            "name": "pytest",
            "version": "8.4.1"
        },
        "summary": {
            "tests": 1,
            "passed": 1,
            "failed": 0,
            "skipped": 0,
            "pending": 0,
            "other": 0,
            "start": 1773238902.3978114,
            "stop": 1773238902.4023519
        },
        "tests": [
            {
                "name": "test_outputs.py::test_outputs",
                "status": "passed",
                "duration": 0.0002872440963983536,
                "start": 1773238902.4018414,
                "stop": 1773238902.4022498,
                "retries": 0,
                "file_path": "test_outputs.py"
            }
        ]
    }
}