{
    "results": {
        "tool": {
            "name": "pytest",
            "version": "8.4.1"
        },
        "summary": {
            "tests": 1,
            "passed": 1,
            "failed": 0,
            "skipped": 0,
            "pending": 0,
            "other": 0,
            "start": 1774598988.0000486,
            "stop": 1774598988.005475
        },
        "tests": [
            {
                "name": "test_outputs.py::test_outputs",
                "status": "passed",
                "duration": 0.00031824037432670593,
                "start": 1774598988.004906,
                "stop": 1774598988.0053594,
                "retries": 0,
                "file_path": "test_outputs.py"
            }
        ]
    }
}