{
    "results": {
        "tool": {
            "name": "pytest",
            "version": "8.4.1"
        },
        "summary": {
            "tests": 1,
            "passed": 1,
            "failed": 0,
            "skipped": 0,
            "pending": 0,
            "other": 0,
            "start": 1773317119.7600145,
            "stop": 1773317119.764671
        },
        "tests": [
            {
                "name": "test_outputs.py::test_outputs",
                "status": "passed",
                "duration": 0.0003133299760520458,
                "start": 1773317119.764125,
                "stop": 1773317119.7645662,
                "retries": 0,
                "file_path": "test_outputs.py"
            }
        ]
    }
}