{
    "results": {
        "tool": {
            "name": "pytest",
            "version": "8.4.1"
        },
        "summary": {
            "tests": 1,
            "passed": 1,
            "failed": 0,
            "skipped": 0,
            "pending": 0,
            "other": 0,
            "start": 1774598925.5446625,
            "stop": 1774598925.5493357
        },
        "tests": [
            {
                "name": "test_outputs.py::test_outputs",
                "status": "passed",
                "duration": 0.0002866256982088089,
                "start": 1774598925.5488079,
                "stop": 1774598925.5492306,
                "retries": 0,
                "file_path": "test_outputs.py"
            }
        ]
    }
}