{
    "results": {
        "tool": {
            "name": "pytest",
            "version": "8.4.1"
        },
        "summary": {
            "tests": 1,
            "passed": 1,
            "failed": 0,
            "skipped": 0,
            "pending": 0,
            "other": 0,
            "start": 1773291750.763669,
            "stop": 1773291750.7681208
        },
        "tests": [
            {
                "name": "test_outputs.py::test_outputs",
                "status": "passed",
                "duration": 0.0002795187756419182,
                "start": 1773291750.7676196,
                "stop": 1773291750.7680178,
                "retries": 0,
                "file_path": "test_outputs.py"
            }
        ]
    }
}