{
    "results": {
        "tool": {
            "name": "pytest",
            "version": "8.4.1"
        },
        "summary": {
            "tests": 1,
            "passed": 1,
            "failed": 0,
            "skipped": 0,
            "pending": 0,
            "other": 0,
            "start": 1773292233.692751,
            "stop": 1773292233.6974156
        },
        "tests": [
            {
                "name": "test_outputs.py::test_outputs",
                "status": "passed",
                "duration": 0.0003071613609790802,
                "start": 1773292233.6968553,
                "stop": 1773292233.6972878,
                "retries": 0,
                "file_path": "test_outputs.py"
            }
        ]
    }
}