{
    "results": {
        "tool": {
            "name": "pytest",
            "version": "8.4.1"
        },
        "summary": {
            "tests": 1,
            "passed": 1,
            "failed": 0,
            "skipped": 0,
            "pending": 0,
            "other": 0,
            "start": 1773236301.9841251,
            "stop": 1773236301.9886029
        },
        "tests": [
            {
                "name": "test_outputs.py::test_outputs",
                "status": "passed",
                "duration": 0.00027052778750658035,
                "start": 1773236301.9881182,
                "stop": 1773236301.9885051,
                "retries": 0,
                "file_path": "test_outputs.py"
            }
        ]
    }
}