{
    "results": {
        "tool": {
            "name": "pytest",
            "version": "8.4.1"
        },
        "summary": {
            "tests": 1,
            "passed": 1,
            "failed": 0,
            "skipped": 0,
            "pending": 0,
            "other": 0,
            "start": 1773281054.690937,
            "stop": 1773281054.6962686
        },
        "tests": [
            {
                "name": "test_outputs.py::test_outputs",
                "status": "passed",
                "duration": 0.00030334992334246635,
                "start": 1773281054.6957152,
                "stop": 1773281054.6961584,
                "retries": 0,
                "file_path": "test_outputs.py"
            }
        ]
    }
}