{
    "results": {
        "tool": {
            "name": "pytest",
            "version": "8.4.1"
        },
        "summary": {
            "tests": 1,
            "passed": 1,
            "failed": 0,
            "skipped": 0,
            "pending": 0,
            "other": 0,
            "start": 1774598904.5219986,
            "stop": 1774598904.526872
        },
        "tests": [
            {
                "name": "test_outputs.py::test_outputs",
                "status": "passed",
                "duration": 0.0002968898043036461,
                "start": 1774598904.5263417,
                "stop": 1774598904.5267646,
                "retries": 0,
                "file_path": "test_outputs.py"
            }
        ]
    }
}