{
    "results": {
        "tool": {
            "name": "pytest",
            "version": "8.4.1"
        },
        "summary": {
            "tests": 1,
            "passed": 1,
            "failed": 0,
            "skipped": 0,
            "pending": 0,
            "other": 0,
            "start": 1773284389.150894,
            "stop": 1773284389.1557758
        },
        "tests": [
            {
                "name": "test_outputs.py::test_outputs",
                "status": "passed",
                "duration": 0.0003085089847445488,
                "start": 1773284389.1552315,
                "stop": 1773284389.1556714,
                "retries": 0,
                "file_path": "test_outputs.py"
            }
        ]
    }
}