{
    "results": {
        "tool": {
            "name": "pytest",
            "version": "8.4.1"
        },
        "summary": {
            "tests": 1,
            "passed": 1,
            "failed": 0,
            "skipped": 0,
            "pending": 0,
            "other": 0,
            "start": 1773314629.6885629,
            "stop": 1773314629.6934056
        },
        "tests": [
            {
                "name": "test_outputs.py::test_outputs",
                "status": "passed",
                "duration": 0.0003022202290594578,
                "start": 1773314629.6928651,
                "stop": 1773314629.6932955,
                "retries": 0,
                "file_path": "test_outputs.py"
            }
        ]
    }
}