{
    "results": {
        "tool": {
            "name": "pytest",
            "version": "8.4.1"
        },
        "summary": {
            "tests": 1,
            "passed": 1,
            "failed": 0,
            "skipped": 0,
            "pending": 0,
            "other": 0,
            "start": 1773254271.905376,
            "stop": 1773254271.909839
        },
        "tests": [
            {
                "name": "test_outputs.py::test_outputs",
                "status": "passed",
                "duration": 0.0002707303501665592,
                "start": 1773254271.9093528,
                "stop": 1773254271.9097414,
                "retries": 0,
                "file_path": "test_outputs.py"
            }
        ]
    }
}