{
    "results": {
        "tool": {
            "name": "pytest",
            "version": "8.4.1"
        },
        "summary": {
            "tests": 1,
            "passed": 1,
            "failed": 0,
            "skipped": 0,
            "pending": 0,
            "other": 0,
            "start": 1773254191.834375,
            "stop": 1773254191.8748903
        },
        "tests": [
            {
                "name": "test_outputs.py::test_outputs",
                "status": "passed",
                "duration": 0.00031748157925903797,
                "start": 1773254191.8743138,
                "stop": 1773254191.874772,
                "retries": 0,
                "file_path": "test_outputs.py"
            }
        ]
    }
}