{
    "results": {
        "tool": {
            "name": "pytest",
            "version": "8.4.1"
        },
        "summary": {
            "tests": 1,
            "passed": 1,
            "failed": 0,
            "skipped": 0,
            "pending": 0,
            "other": 0,
            "start": 1773254935.6964738,
            "stop": 1773254935.7009504
        },
        "tests": [
            {
                "name": "test_outputs.py::test_outputs",
                "status": "passed",
                "duration": 0.0002866797149181366,
                "start": 1773254935.700443,
                "stop": 1773254935.7008507,
                "retries": 0,
                "file_path": "test_outputs.py"
            }
        ]
    }
}