{
    "results": {
        "tool": {
            "name": "pytest",
            "version": "8.4.1"
        },
        "summary": {
            "tests": 1,
            "passed": 1,
            "failed": 0,
            "skipped": 0,
            "pending": 0,
            "other": 0,
            "start": 1774598643.9034162,
            "stop": 1774598643.9087055
        },
        "tests": [
            {
                "name": "test_outputs.py::test_outputs",
                "status": "passed",
                "duration": 0.00030237226746976376,
                "start": 1774598643.908139,
                "stop": 1774598643.9085755,
                "retries": 0,
                "file_path": "test_outputs.py"
            }
        ]
    }
}