{
    "results": {
        "tool": {
            "name": "pytest",
            "version": "8.4.1"
        },
        "summary": {
            "tests": 2,
            "passed": 2,
            "failed": 0,
            "skipped": 0,
            "pending": 0,
            "other": 0,
            "start": 1776422926.7587295,
            "stop": 1776422926.7906816
        },
        "tests": [
            {
                "name": "test_final_state.py::test_repo_exists",
                "status": "passed",
                "duration": 0.00047786900540813804,
                "start": 1776422926.7686913,
                "stop": 1776422926.769369,
                "retries": 0,
                "file_path": "test_final_state.py"
            },
            {
                "name": "test_final_state.py::test_jj_log_output",
                "status": "passed",
                "duration": 0.020762756001204252,
                "start": 1776422926.7695582,
                "stop": 1776422926.7905045,
                "retries": 0,
                "file_path": "test_final_state.py"
            }
        ]
    }
}