{
    "results": {
        "tool": {
            "name": "pytest",
            "version": "8.4.1"
        },
        "summary": {
            "tests": 1,
            "passed": 1,
            "failed": 0,
            "skipped": 0,
            "pending": 0,
            "other": 0,
            "start": 1773280899.4035227,
            "stop": 1773280899.409256
        },
        "tests": [
            {
                "name": "test_outputs.py::test_outputs",
                "status": "passed",
                "duration": 0.00039538415148854256,
                "start": 1773280899.4084036,
                "stop": 1773280899.4089706,
                "retries": 0,
                "file_path": "test_outputs.py"
            }
        ]
    }
}