{
    "results": {
        "tool": {
            "name": "pytest",
            "version": "8.4.1"
        },
        "summary": {
            "tests": 1,
            "passed": 1,
            "failed": 0,
            "skipped": 0,
            "pending": 0,
            "other": 0,
            "start": 1773246147.0509827,
            "stop": 1773246147.0553048
        },
        "tests": [
            {
                "name": "test_outputs.py::test_outputs",
                "status": "passed",
                "duration": 0.0002722269855439663,
                "start": 1773246147.0548234,
                "stop": 1773246147.0552065,
                "retries": 0,
                "file_path": "test_outputs.py"
            }
        ]
    }
}