{
    "results": {
        "tool": {
            "name": "pytest",
            "version": "8.4.1"
        },
        "summary": {
            "tests": 1,
            "passed": 1,
            "failed": 0,
            "skipped": 0,
            "pending": 0,
            "other": 0,
            "start": 1773246008.7849703,
            "stop": 1773246008.790002
        },
        "tests": [
            {
                "name": "test_outputs.py::test_outputs",
                "status": "passed",
                "duration": 0.0002866301219910383,
                "start": 1773246008.7894638,
                "stop": 1773246008.789875,
                "retries": 0,
                "file_path": "test_outputs.py"
            }
        ]
    }
}