{
    "results": {
        "tool": {
            "name": "pytest",
            "version": "8.4.1"
        },
        "summary": {
            "tests": 2,
            "passed": 2,
            "failed": 0,
            "skipped": 0,
            "pending": 0,
            "other": 0,
            "start": 1776840376.9357867,
            "stop": 1776840376.9678452
        },
        "tests": [
            {
                "name": "test_final_state.py::test_repo_exists",
                "status": "passed",
                "duration": 0.0004685499588958919,
                "start": 1776840376.9455612,
                "stop": 1776840376.9462295,
                "retries": 0,
                "file_path": "test_final_state.py"
            },
            {
                "name": "test_final_state.py::test_jj_log_output",
                "status": "passed",
                "duration": 0.021064978907816112,
                "start": 1776840376.9464173,
                "stop": 1776840376.967663,
                "retries": 0,
                "file_path": "test_final_state.py"
            }
        ]
    }
}