{
    "results": {
        "tool": {
            "name": "pytest",
            "version": "8.4.1"
        },
        "summary": {
            "tests": 1,
            "passed": 1,
            "failed": 0,
            "skipped": 0,
            "pending": 0,
            "other": 0,
            "start": 1773246103.0340867,
            "stop": 1773246103.0387628
        },
        "tests": [
            {
                "name": "test_outputs.py::test_outputs",
                "status": "passed",
                "duration": 0.0002946089953184128,
                "start": 1773246103.0382357,
                "stop": 1773246103.03866,
                "retries": 0,
                "file_path": "test_outputs.py"
            }
        ]
    }
}