{
    "results": {
        "tool": {
            "name": "pytest",
            "version": "8.4.1"
        },
        "summary": {
            "tests": 1,
            "passed": 1,
            "failed": 0,
            "skipped": 0,
            "pending": 0,
            "other": 0,
            "start": 1773236310.5439963,
            "stop": 1773236310.5487869
        },
        "tests": [
            {
                "name": "test_outputs.py::test_outputs",
                "status": "passed",
                "duration": 0.00030755018815398216,
                "start": 1773236310.5482404,
                "stop": 1773236310.5486772,
                "retries": 0,
                "file_path": "test_outputs.py"
            }
        ]
    }
}