{
    "results": {
        "tool": {
            "name": "pytest",
            "version": "8.4.1"
        },
        "summary": {
            "tests": 1,
            "passed": 1,
            "failed": 0,
            "skipped": 0,
            "pending": 0,
            "other": 0,
            "start": 1773255046.0950675,
            "stop": 1773255046.1005783
        },
        "tests": [
            {
                "name": "test_outputs.py::test_outputs",
                "status": "passed",
                "duration": 0.0003489237278699875,
                "start": 1773255046.0999682,
                "stop": 1773255046.1004646,
                "retries": 0,
                "file_path": "test_outputs.py"
            }
        ]
    }
}