{
    "results": {
        "tool": {
            "name": "pytest",
            "version": "8.4.1"
        },
        "summary": {
            "tests": 1,
            "passed": 1,
            "failed": 0,
            "skipped": 0,
            "pending": 0,
            "other": 0,
            "start": 1774599208.7234817,
            "stop": 1774599208.728264
        },
        "tests": [
            {
                "name": "test_outputs.py::test_outputs",
                "status": "passed",
                "duration": 0.0003057303838431835,
                "start": 1774599208.7277236,
                "stop": 1774599208.7281587,
                "retries": 0,
                "file_path": "test_outputs.py"
            }
        ]
    }
}