{
    "results": {
        "tool": {
            "name": "pytest",
            "version": "8.4.1"
        },
        "summary": {
            "tests": 1,
            "passed": 1,
            "failed": 0,
            "skipped": 0,
            "pending": 0,
            "other": 0,
            "start": 1773284324.6774235,
            "stop": 1773284324.682365
        },
        "tests": [
            {
                "name": "test_outputs.py::test_outputs",
                "status": "passed",
                "duration": 0.0002947149332612753,
                "start": 1773284324.6818256,
                "stop": 1773284324.6822503,
                "retries": 0,
                "file_path": "test_outputs.py"
            }
        ]
    }
}