{
    "results": {
        "tool": {
            "name": "pytest",
            "version": "8.4.1"
        },
        "summary": {
            "tests": 1,
            "passed": 1,
            "failed": 0,
            "skipped": 0,
            "pending": 0,
            "other": 0,
            "start": 1773280922.6488624,
            "stop": 1773280922.6535387
        },
        "tests": [
            {
                "name": "test_outputs.py::test_outputs",
                "status": "passed",
                "duration": 0.0002875900827348232,
                "start": 1773280922.6530266,
                "stop": 1773280922.6534364,
                "retries": 0,
                "file_path": "test_outputs.py"
            }
        ]
    }
}