{
    "results": {
        "tool": {
            "name": "pytest",
            "version": "8.4.1"
        },
        "summary": {
            "tests": 1,
            "passed": 1,
            "failed": 0,
            "skipped": 0,
            "pending": 0,
            "other": 0,
            "start": 1773254863.812126,
            "stop": 1773254863.8172104
        },
        "tests": [
            {
                "name": "test_outputs.py::test_outputs",
                "status": "passed",
                "duration": 0.0003015499096363783,
                "start": 1773254863.8166692,
                "stop": 1773254863.8171012,
                "retries": 0,
                "file_path": "test_outputs.py"
            }
        ]
    }
}