{
    "results": {
        "tool": {
            "name": "pytest",
            "version": "8.4.1"
        },
        "summary": {
            "tests": 2,
            "passed": 2,
            "failed": 0,
            "skipped": 0,
            "pending": 0,
            "other": 0,
            "start": 1776833515.0053256,
            "stop": 1776833515.015817
        },
        "tests": [
            {
                "name": "test_final_state.py::test_diff_file_exists",
                "status": "passed",
                "duration": 0.00046883802860975266,
                "start": 1776833515.0142624,
                "stop": 1776833515.0149312,
                "retries": 0,
                "file_path": "test_final_state.py"
            },
            {
                "name": "test_final_state.py::test_diff_content",
                "status": "passed",
                "duration": 0.00042857701191678643,
                "start": 1776833515.0151198,
                "stop": 1776833515.0156739,
                "retries": 0,
                "file_path": "test_final_state.py"
            }
        ]
    }
}