{
    "results": {
        "tool": {
            "name": "pytest",
            "version": "8.4.1"
        },
        "summary": {
            "tests": 1,
            "passed": 1,
            "failed": 0,
            "skipped": 0,
            "pending": 0,
            "other": 0,
            "start": 1773236051.9898334,
            "stop": 1773236051.9968765
        },
        "tests": [
            {
                "name": "test_outputs.py::test_outputs",
                "status": "passed",
                "duration": 0.00043002283200621605,
                "start": 1773236051.9959314,
                "stop": 1773236051.9965513,
                "retries": 0,
                "file_path": "test_outputs.py"
            }
        ]
    }
}