{
    "results": {
        "tool": {
            "name": "pytest",
            "version": "8.4.1"
        },
        "summary": {
            "tests": 1,
            "passed": 1,
            "failed": 0,
            "skipped": 0,
            "pending": 0,
            "other": 0,
            "start": 1773314467.2689435,
            "stop": 1773314467.273445
        },
        "tests": [
            {
                "name": "test_outputs.py::test_outputs",
                "status": "passed",
                "duration": 0.00026929937303066254,
                "start": 1773314467.2729526,
                "stop": 1773314467.2733405,
                "retries": 0,
                "file_path": "test_outputs.py"
            }
        ]
    }
}