{
    "results": {
        "tool": {
            "name": "pytest",
            "version": "8.4.1"
        },
        "summary": {
            "tests": 2,
            "passed": 2,
            "failed": 0,
            "skipped": 0,
            "pending": 0,
            "other": 0,
            "start": 1776220877.0815303,
            "stop": 1776220877.1216125
        },
        "tests": [
            {
                "name": "test_final_state.py::test_config_restored",
                "status": "passed",
                "duration": 0.0008245175704360008,
                "start": 1776220877.0919597,
                "stop": 1776220877.0930455,
                "retries": 0,
                "file_path": "test_final_state.py"
            },
            {
                "name": "test_final_state.py::test_jj_repo_intact",
                "status": "passed",
                "duration": 0.027860010042786598,
                "start": 1776220877.093309,
                "stop": 1776220877.1214075,
                "retries": 0,
                "file_path": "test_final_state.py"
            }
        ]
    }
}