{
    "results": {
        "tool": {
            "name": "pytest",
            "version": "8.4.1"
        },
        "summary": {
            "tests": 1,
            "passed": 1,
            "failed": 0,
            "skipped": 0,
            "pending": 0,
            "other": 0,
            "start": 1774599814.9409165,
            "stop": 1774599814.9461868
        },
        "tests": [
            {
                "name": "test_outputs.py::test_outputs",
                "status": "passed",
                "duration": 0.0003128920216113329,
                "start": 1774599814.9456284,
                "stop": 1774599814.9460766,
                "retries": 0,
                "file_path": "test_outputs.py"
            }
        ]
    }
}