{
    "results": {
        "tool": {
            "name": "pytest",
            "version": "8.4.1"
        },
        "summary": {
            "tests": 1,
            "passed": 1,
            "failed": 0,
            "skipped": 0,
            "pending": 0,
            "other": 0,
            "start": 1774409253.1108313,
            "stop": 1774409253.1146846
        },
        "tests": [
            {
                "name": "test_outputs.py::test_outputs",
                "status": "passed",
                "duration": 0.00035482601379044354,
                "start": 1774409253.113976,
                "stop": 1774409253.1144984,
                "retries": 0,
                "file_path": "test_outputs.py"
            }
        ]
    }
}