{
    "results": {
        "tool": {
            "name": "pytest",
            "version": "8.4.1"
        },
        "summary": {
            "tests": 1,
            "passed": 1,
            "failed": 0,
            "skipped": 0,
            "pending": 0,
            "other": 0,
            "start": 1774411286.5502548,
            "stop": 1774411286.5536456
        },
        "tests": [
            {
                "name": "test_outputs.py::test_outputs",
                "status": "passed",
                "duration": 0.0002693779824767262,
                "start": 1774411286.5531075,
                "stop": 1774411286.5535147,
                "retries": 0,
                "file_path": "test_outputs.py"
            }
        ]
    }
}