{
    "results": {
        "tool": {
            "name": "pytest",
            "version": "8.4.1"
        },
        "summary": {
            "tests": 1,
            "passed": 1,
            "failed": 0,
            "skipped": 0,
            "pending": 0,
            "other": 0,
            "start": 1774411883.5861814,
            "stop": 1774411883.589701
        },
        "tests": [
            {
                "name": "test_outputs.py::test_outputs",
                "status": "passed",
                "duration": 0.00024133501574397087,
                "start": 1774411883.5891643,
                "stop": 1774411883.5895298,
                "retries": 0,
                "file_path": "test_outputs.py"
            }
        ]
    }
}