{
    "results": {
        "tool": {
            "name": "pytest",
            "version": "8.4.1"
        },
        "summary": {
            "tests": 1,
            "passed": 1,
            "failed": 0,
            "skipped": 0,
            "pending": 0,
            "other": 0,
            "start": 1773284439.187706,
            "stop": 1773284439.1920662
        },
        "tests": [
            {
                "name": "test_outputs.py::test_outputs",
                "status": "passed",
                "duration": 0.00026782648637890816,
                "start": 1773284439.191583,
                "stop": 1773284439.1919677,
                "retries": 0,
                "file_path": "test_outputs.py"
            }
        ]
    }
}