{
    "results": {
        "tool": {
            "name": "pytest",
            "version": "8.4.1"
        },
        "summary": {
            "tests": 1,
            "passed": 1,
            "failed": 0,
            "skipped": 0,
            "pending": 0,
            "other": 0,
            "start": 1774598760.2162461,
            "stop": 1774598760.220442
        },
        "tests": [
            {
                "name": "test_outputs.py::test_outputs",
                "status": "passed",
                "duration": 0.0002801865339279175,
                "start": 1774598760.2199483,
                "stop": 1774598760.2203455,
                "retries": 0,
                "file_path": "test_outputs.py"
            }
        ]
    }
}