{
    "results": {
        "tool": {
            "name": "pytest",
            "version": "8.4.1"
        },
        "summary": {
            "tests": 1,
            "passed": 1,
            "failed": 0,
            "skipped": 0,
            "pending": 0,
            "other": 0,
            "start": 1774598738.4292746,
            "stop": 1774598738.4340336
        },
        "tests": [
            {
                "name": "test_outputs.py::test_outputs",
                "status": "passed",
                "duration": 0.0002849011216312647,
                "start": 1774598738.4335186,
                "stop": 1774598738.4339304,
                "retries": 0,
                "file_path": "test_outputs.py"
            }
        ]
    }
}