{
    "results": {
        "tool": {
            "name": "pytest",
            "version": "8.4.1"
        },
        "summary": {
            "tests": 2,
            "passed": 2,
            "failed": 0,
            "skipped": 0,
            "pending": 0,
            "other": 0,
            "start": 1776219864.0634792,
            "stop": 1776219864.1500897
        },
        "tests": [
            {
                "name": "test_final_state.py::test_file_content",
                "status": "passed",
                "duration": 0.00048250798135995865,
                "start": 1776219864.1248298,
                "stop": 1776219864.125522,
                "retries": 0,
                "file_path": "test_final_state.py"
            },
            {
                "name": "test_final_state.py::test_jj_log",
                "status": "passed",
                "duration": 0.023967857472598553,
                "start": 1776219864.1257083,
                "stop": 1776219864.1499069,
                "retries": 0,
                "file_path": "test_final_state.py"
            }
        ]
    }
}