{
    "results": {
        "tool": {
            "name": "pytest",
            "version": "8.4.1"
        },
        "summary": {
            "tests": 1,
            "passed": 1,
            "failed": 0,
            "skipped": 0,
            "pending": 0,
            "other": 0,
            "start": 1773246223.6330912,
            "stop": 1773246223.6380274
        },
        "tests": [
            {
                "name": "test_outputs.py::test_outputs",
                "status": "passed",
                "duration": 0.0003053504042327404,
                "start": 1773246223.6374803,
                "stop": 1773246223.637917,
                "retries": 0,
                "file_path": "test_outputs.py"
            }
        ]
    }
}