{
    "results": {
        "tool": {
            "name": "pytest",
            "version": "8.4.1"
        },
        "summary": {
            "tests": 2,
            "passed": 2,
            "failed": 0,
            "skipped": 0,
            "pending": 0,
            "other": 0,
            "start": 1776483824.9563494,
            "stop": 1776483825.0466862
        },
        "tests": [
            {
                "name": "test_final_state.py::test_file_content",
                "status": "passed",
                "duration": 0.000517152002430521,
                "start": 1776483825.0212567,
                "stop": 1776483825.0220025,
                "retries": 0,
                "file_path": "test_final_state.py"
            },
            {
                "name": "test_final_state.py::test_jj_log",
                "status": "passed",
                "duration": 0.0240471580036683,
                "start": 1776483825.0222063,
                "stop": 1776483825.0464985,
                "retries": 0,
                "file_path": "test_final_state.py"
            }
        ]
    }
}