{
    "results": {
        "tool": {
            "name": "pytest",
            "version": "8.4.1"
        },
        "summary": {
            "tests": 1,
            "passed": 1,
            "failed": 0,
            "skipped": 0,
            "pending": 0,
            "other": 0,
            "start": 1774409676.935926,
            "stop": 1774409676.9392025
        },
        "tests": [
            {
                "name": "test_outputs.py::test_outputs",
                "status": "passed",
                "duration": 0.0002332050062250346,
                "start": 1774409676.9387233,
                "stop": 1774409676.9390726,
                "retries": 0,
                "file_path": "test_outputs.py"
            }
        ]
    }
}