{
    "results": {
        "tool": {
            "name": "pytest",
            "version": "8.4.1"
        },
        "summary": {
            "tests": 2,
            "passed": 2,
            "failed": 0,
            "skipped": 0,
            "pending": 0,
            "other": 0,
            "start": 1776419782.7568908,
            "stop": 1776419782.7699387
        },
        "tests": [
            {
                "name": "test_final_state.py::test_diff_file_exists",
                "status": "passed",
                "duration": 0.0005551070062210783,
                "start": 1776419782.7679443,
                "stop": 1776419782.768769,
                "retries": 0,
                "file_path": "test_final_state.py"
            },
            {
                "name": "test_final_state.py::test_diff_content",
                "status": "passed",
                "duration": 0.0006298169973888434,
                "start": 1776419782.768966,
                "stop": 1776419782.7697554,
                "retries": 0,
                "file_path": "test_final_state.py"
            }
        ]
    }
}