{
    "results": {
        "tool": {
            "name": "pytest",
            "version": "8.4.1"
        },
        "summary": {
            "tests": 1,
            "passed": 1,
            "failed": 0,
            "skipped": 0,
            "pending": 0,
            "other": 0,
            "start": 1773254753.0976584,
            "stop": 1773254753.139009
        },
        "tests": [
            {
                "name": "test_outputs.py::test_outputs",
                "status": "passed",
                "duration": 0.0002926308661699295,
                "start": 1773254753.1384702,
                "stop": 1773254753.1389012,
                "retries": 0,
                "file_path": "test_outputs.py"
            }
        ]
    }
}