{
    "results": {
        "tool": {
            "name": "pytest",
            "version": "8.4.1"
        },
        "summary": {
            "tests": 1,
            "passed": 1,
            "failed": 0,
            "skipped": 0,
            "pending": 0,
            "other": 0,
            "start": 1773235674.6021004,
            "stop": 1773235674.606982
        },
        "tests": [
            {
                "name": "test_outputs.py::test_outputs",
                "status": "passed",
                "duration": 0.0002949198242276907,
                "start": 1773235674.6064556,
                "stop": 1773235674.6068783,
                "retries": 0,
                "file_path": "test_outputs.py"
            }
        ]
    }
}