{
    "results": {
        "tool": {
            "name": "pytest",
            "version": "8.4.1"
        },
        "summary": {
            "tests": 1,
            "passed": 1,
            "failed": 0,
            "skipped": 0,
            "pending": 0,
            "other": 0,
            "start": 1773290902.445941,
            "stop": 1773290902.450833
        },
        "tests": [
            {
                "name": "test_outputs.py::test_outputs",
                "status": "passed",
                "duration": 0.00029449095018208027,
                "start": 1773290902.4502985,
                "stop": 1773290902.4507189,
                "retries": 0,
                "file_path": "test_outputs.py"
            }
        ]
    }
}