{
    "results": {
        "tool": {
            "name": "pytest",
            "version": "8.4.1"
        },
        "summary": {
            "tests": 1,
            "passed": 1,
            "failed": 0,
            "skipped": 0,
            "pending": 0,
            "other": 0,
            "start": 1773290279.0296574,
            "stop": 1773290279.0341122
        },
        "tests": [
            {
                "name": "test_outputs.py::test_outputs",
                "status": "passed",
                "duration": 0.0003120414912700653,
                "start": 1773290279.0335574,
                "stop": 1773290279.0340083,
                "retries": 0,
                "file_path": "test_outputs.py"
            }
        ]
    }
}