{
    "results": {
        "tool": {
            "name": "pytest",
            "version": "8.4.1"
        },
        "summary": {
            "tests": 1,
            "passed": 1,
            "failed": 0,
            "skipped": 0,
            "pending": 0,
            "other": 0,
            "start": 1773239033.5064838,
            "stop": 1773239033.5111105
        },
        "tests": [
            {
                "name": "test_outputs.py::test_outputs",
                "status": "passed",
                "duration": 0.0003004140453413129,
                "start": 1773239033.5105894,
                "stop": 1773239033.5110087,
                "retries": 0,
                "file_path": "test_outputs.py"
            }
        ]
    }
}