{
    "results": {
        "tool": {
            "name": "pytest",
            "version": "8.4.1"
        },
        "summary": {
            "tests": 2,
            "passed": 2,
            "failed": 0,
            "skipped": 0,
            "pending": 0,
            "other": 0,
            "start": 1776274866.0131664,
            "stop": 1776274866.0243015
        },
        "tests": [
            {
                "name": "test_final_state.py::test_diff_file_exists",
                "status": "passed",
                "duration": 0.0005016298964619637,
                "start": 1776274866.0224357,
                "stop": 1776274866.0231872,
                "retries": 0,
                "file_path": "test_final_state.py"
            },
            {
                "name": "test_final_state.py::test_diff_content",
                "status": "passed",
                "duration": 0.0005420790985226631,
                "start": 1776274866.0234215,
                "stop": 1776274866.024096,
                "retries": 0,
                "file_path": "test_final_state.py"
            }
        ]
    }
}