{
    "results": {
        "tool": {
            "name": "pytest",
            "version": "8.4.1"
        },
        "summary": {
            "tests": 1,
            "passed": 1,
            "failed": 0,
            "skipped": 0,
            "pending": 0,
            "other": 0,
            "start": 1773254261.3768013,
            "stop": 1773254261.382036
        },
        "tests": [
            {
                "name": "test_outputs.py::test_outputs",
                "status": "passed",
                "duration": 0.0003214792814105749,
                "start": 1773254261.381462,
                "stop": 1773254261.3819175,
                "retries": 0,
                "file_path": "test_outputs.py"
            }
        ]
    }
}