{
    "results": {
        "tool": {
            "name": "pytest",
            "version": "8.4.1"
        },
        "summary": {
            "tests": 2,
            "passed": 2,
            "failed": 0,
            "skipped": 0,
            "pending": 0,
            "other": 0,
            "start": 1776484386.8962636,
            "stop": 1776484386.9066174
        },
        "tests": [
            {
                "name": "test_final_state.py::test_diff_file_exists",
                "status": "passed",
                "duration": 0.0004823809867957607,
                "start": 1776484386.9050636,
                "stop": 1776484386.90574,
                "retries": 0,
                "file_path": "test_final_state.py"
            },
            {
                "name": "test_final_state.py::test_diff_content",
                "status": "passed",
                "duration": 0.00042221701005473733,
                "start": 1776484386.9059265,
                "stop": 1776484386.9064734,
                "retries": 0,
                "file_path": "test_final_state.py"
            }
        ]
    }
}