{
    "results": {
        "tool": {
            "name": "pytest",
            "version": "8.4.1"
        },
        "summary": {
            "tests": 1,
            "passed": 1,
            "failed": 0,
            "skipped": 0,
            "pending": 0,
            "other": 0,
            "start": 1774598982.3433335,
            "stop": 1774598982.3479567
        },
        "tests": [
            {
                "name": "test_outputs.py::test_outputs",
                "status": "passed",
                "duration": 0.000288983341306448,
                "start": 1774598982.3474393,
                "stop": 1774598982.3478518,
                "retries": 0,
                "file_path": "test_outputs.py"
            }
        ]
    }
}