{
    "results": {
        "tool": {
            "name": "pytest",
            "version": "8.4.1"
        },
        "summary": {
            "tests": 1,
            "passed": 1,
            "failed": 0,
            "skipped": 0,
            "pending": 0,
            "other": 0,
            "start": 1774598841.6406746,
            "stop": 1774598841.6453302
        },
        "tests": [
            {
                "name": "test_outputs.py::test_outputs",
                "status": "passed",
                "duration": 0.00028244219720363617,
                "start": 1774598841.6448066,
                "stop": 1774598841.645215,
                "retries": 0,
                "file_path": "test_outputs.py"
            }
        ]
    }
}