{
    "results": {
        "tool": {
            "name": "pytest",
            "version": "8.4.1"
        },
        "summary": {
            "tests": 1,
            "passed": 1,
            "failed": 0,
            "skipped": 0,
            "pending": 0,
            "other": 0,
            "start": 1773280965.0723925,
            "stop": 1773280965.0772216
        },
        "tests": [
            {
                "name": "test_outputs.py::test_outputs",
                "status": "passed",
                "duration": 0.00027082115411758423,
                "start": 1773280965.0767412,
                "stop": 1773280965.0771255,
                "retries": 0,
                "file_path": "test_outputs.py"
            }
        ]
    }
}