{
    "results": {
        "tool": {
            "name": "pytest",
            "version": "8.4.1"
        },
        "summary": {
            "tests": 1,
            "passed": 1,
            "failed": 0,
            "skipped": 0,
            "pending": 0,
            "other": 0,
            "start": 1773246057.1350675,
            "stop": 1773246057.1410873
        },
        "tests": [
            {
                "name": "test_outputs.py::test_outputs",
                "status": "passed",
                "duration": 0.00039466796442866325,
                "start": 1773246057.1403751,
                "stop": 1773246057.1409314,
                "retries": 0,
                "file_path": "test_outputs.py"
            }
        ]
    }
}