{
    "results": {
        "tool": {
            "name": "pytest",
            "version": "8.4.1"
        },
        "summary": {
            "tests": 1,
            "passed": 1,
            "failed": 0,
            "skipped": 0,
            "pending": 0,
            "other": 0,
            "start": 1773238993.916237,
            "stop": 1773238993.9211402
        },
        "tests": [
            {
                "name": "test_outputs.py::test_outputs",
                "status": "passed",
                "duration": 0.00028980523347854614,
                "start": 1773238993.920622,
                "stop": 1773238993.9210348,
                "retries": 0,
                "file_path": "test_outputs.py"
            }
        ]
    }
}