{
    "results": {
        "tool": {
            "name": "pytest",
            "version": "8.4.1"
        },
        "summary": {
            "tests": 1,
            "passed": 1,
            "failed": 0,
            "skipped": 0,
            "pending": 0,
            "other": 0,
            "start": 1773291505.9980848,
            "stop": 1773291506.0050213
        },
        "tests": [
            {
                "name": "test_outputs.py::test_outputs",
                "status": "passed",
                "duration": 0.0004034028388559818,
                "start": 1773291506.0042853,
                "stop": 1773291506.0048587,
                "retries": 0,
                "file_path": "test_outputs.py"
            }
        ]
    }
}