{
    "results": {
        "tool": {
            "name": "pytest",
            "version": "8.4.1"
        },
        "summary": {
            "tests": 1,
            "passed": 1,
            "failed": 0,
            "skipped": 0,
            "pending": 0,
            "other": 0,
            "start": 1773284658.8757992,
            "stop": 1773284658.8802364
        },
        "tests": [
            {
                "name": "test_outputs.py::test_outputs",
                "status": "passed",
                "duration": 0.0002781283110380173,
                "start": 1773284658.8797493,
                "stop": 1773284658.8801415,
                "retries": 0,
                "file_path": "test_outputs.py"
            }
        ]
    }
}