{
    "results": {
        "tool": {
            "name": "pytest",
            "version": "8.4.1"
        },
        "summary": {
            "tests": 1,
            "passed": 1,
            "failed": 0,
            "skipped": 0,
            "pending": 0,
            "other": 0,
            "start": 1773236442.8773391,
            "stop": 1773236442.8820567
        },
        "tests": [
            {
                "name": "test_outputs.py::test_outputs",
                "status": "passed",
                "duration": 0.0002978501142933965,
                "start": 1773236442.881519,
                "stop": 1773236442.881954,
                "retries": 0,
                "file_path": "test_outputs.py"
            }
        ]
    }
}