{
    "results": {
        "tool": {
            "name": "pytest",
            "version": "8.4.1"
        },
        "summary": {
            "tests": 1,
            "passed": 1,
            "failed": 0,
            "skipped": 0,
            "pending": 0,
            "other": 0,
            "start": 1773254754.4845245,
            "stop": 1773254754.4889174
        },
        "tests": [
            {
                "name": "test_outputs.py::test_outputs",
                "status": "passed",
                "duration": 0.0002678409218788147,
                "start": 1773254754.4884386,
                "stop": 1773254754.4888196,
                "retries": 0,
                "file_path": "test_outputs.py"
            }
        ]
    }
}