{
    "results": {
        "tool": {
            "name": "pytest",
            "version": "8.4.1"
        },
        "summary": {
            "tests": 2,
            "passed": 2,
            "failed": 0,
            "skipped": 0,
            "pending": 0,
            "other": 0,
            "start": 1776220016.5986485,
            "stop": 1776220016.6378362
        },
        "tests": [
            {
                "name": "test_final_state.py::test_repo_exists",
                "status": "passed",
                "duration": 0.0006470698863267899,
                "start": 1776220016.6116035,
                "stop": 1776220016.61254,
                "retries": 0,
                "file_path": "test_final_state.py"
            },
            {
                "name": "test_final_state.py::test_jj_log_output",
                "status": "passed",
                "duration": 0.024607555009424686,
                "start": 1776220016.6128051,
                "stop": 1776220016.6376212,
                "retries": 0,
                "file_path": "test_final_state.py"
            }
        ]
    }
}