{
    "results": {
        "tool": {
            "name": "pytest",
            "version": "8.4.1"
        },
        "summary": {
            "tests": 1,
            "passed": 1,
            "failed": 0,
            "skipped": 0,
            "pending": 0,
            "other": 0,
            "start": 1774599860.1799374,
            "stop": 1774599860.1845589
        },
        "tests": [
            {
                "name": "test_outputs.py::test_outputs",
                "status": "passed",
                "duration": 0.0002900210674852133,
                "start": 1774599860.1840339,
                "stop": 1774599860.184452,
                "retries": 0,
                "file_path": "test_outputs.py"
            }
        ]
    }
}