{
    "results": {
        "tool": {
            "name": "pytest",
            "version": "8.4.1"
        },
        "summary": {
            "tests": 1,
            "passed": 1,
            "failed": 0,
            "skipped": 0,
            "pending": 0,
            "other": 0,
            "start": 1773235098.6892147,
            "stop": 1773235098.727293
        },
        "tests": [
            {
                "name": "test_outputs.py::test_outputs",
                "status": "passed",
                "duration": 0.00027941586449742317,
                "start": 1773235098.7267792,
                "stop": 1773235098.7271903,
                "retries": 0,
                "file_path": "test_outputs.py"
            }
        ]
    }
}