{
    "results": {
        "tool": {
            "name": "pytest",
            "version": "8.4.1"
        },
        "summary": {
            "tests": 1,
            "passed": 1,
            "failed": 0,
            "skipped": 0,
            "pending": 0,
            "other": 0,
            "start": 1774600062.7775662,
            "stop": 1774600062.7831566
        },
        "tests": [
            {
                "name": "test_outputs.py::test_outputs",
                "status": "passed",
                "duration": 0.00031591998413205147,
                "start": 1774600062.782593,
                "stop": 1774600062.7830427,
                "retries": 0,
                "file_path": "test_outputs.py"
            }
        ]
    }
}