{
    "results": {
        "tool": {
            "name": "pytest",
            "version": "8.4.1"
        },
        "summary": {
            "tests": 1,
            "passed": 1,
            "failed": 0,
            "skipped": 0,
            "pending": 0,
            "other": 0,
            "start": 1773284393.2033114,
            "stop": 1773284393.2085788
        },
        "tests": [
            {
                "name": "test_outputs.py::test_outputs",
                "status": "passed",
                "duration": 0.00031707086600363255,
                "start": 1773284393.2080157,
                "stop": 1773284393.2084708,
                "retries": 0,
                "file_path": "test_outputs.py"
            }
        ]
    }
}