{
    "results": {
        "tool": {
            "name": "pytest",
            "version": "8.4.1"
        },
        "summary": {
            "tests": 2,
            "passed": 2,
            "failed": 0,
            "skipped": 0,
            "pending": 0,
            "other": 0,
            "start": 1776833966.9166434,
            "stop": 1776833966.9546883
        },
        "tests": [
            {
                "name": "test_final_state.py::test_config_restored",
                "status": "passed",
                "duration": 0.000756004941649735,
                "start": 1776833966.9264517,
                "stop": 1776833966.9274855,
                "retries": 0,
                "file_path": "test_final_state.py"
            },
            {
                "name": "test_final_state.py::test_jj_repo_intact",
                "status": "passed",
                "duration": 0.02646068698959425,
                "start": 1776833966.9277442,
                "stop": 1776833966.9544773,
                "retries": 0,
                "file_path": "test_final_state.py"
            }
        ]
    }
}