{
    "results": {
        "tool": {
            "name": "pytest",
            "version": "8.4.1"
        },
        "summary": {
            "tests": 1,
            "passed": 1,
            "failed": 0,
            "skipped": 0,
            "pending": 0,
            "other": 0,
            "start": 1773239193.1985283,
            "stop": 1773239193.2031622
        },
        "tests": [
            {
                "name": "test_outputs.py::test_outputs",
                "status": "passed",
                "duration": 0.0002831299789249897,
                "start": 1773239193.2026575,
                "stop": 1773239193.20306,
                "retries": 0,
                "file_path": "test_outputs.py"
            }
        ]
    }
}