{
    "results": {
        "tool": {
            "name": "pytest",
            "version": "8.4.1"
        },
        "summary": {
            "tests": 1,
            "passed": 1,
            "failed": 0,
            "skipped": 0,
            "pending": 0,
            "other": 0,
            "start": 1773254893.2708483,
            "stop": 1773254893.2756305
        },
        "tests": [
            {
                "name": "test_outputs.py::test_outputs",
                "status": "passed",
                "duration": 0.00032010197173804045,
                "start": 1773254893.2750733,
                "stop": 1773254893.2755208,
                "retries": 0,
                "file_path": "test_outputs.py"
            }
        ]
    }
}