{
    "results": {
        "tool": {
            "name": "pytest",
            "version": "8.4.1"
        },
        "summary": {
            "tests": 2,
            "passed": 2,
            "failed": 0,
            "skipped": 0,
            "pending": 0,
            "other": 0,
            "start": 1776834322.4642262,
            "stop": 1776834322.4729671
        },
        "tests": [
            {
                "name": "test_final_state.py::test_output_file_exists",
                "status": "passed",
                "duration": 0.00046107801608741283,
                "start": 1776834322.4714122,
                "stop": 1776834322.4720688,
                "retries": 0,
                "file_path": "test_final_state.py"
            },
            {
                "name": "test_final_state.py::test_output_file_content",
                "status": "passed",
                "duration": 0.00042591599049046636,
                "start": 1776834322.4722745,
                "stop": 1776834322.4728255,
                "retries": 0,
                "file_path": "test_final_state.py"
            }
        ]
    }
}