{
    "results": {
        "tool": {
            "name": "pytest",
            "version": "8.4.1"
        },
        "summary": {
            "tests": 1,
            "passed": 1,
            "failed": 0,
            "skipped": 0,
            "pending": 0,
            "other": 0,
            "start": 1773284679.2189064,
            "stop": 1773284679.223536
        },
        "tests": [
            {
                "name": "test_outputs.py::test_outputs",
                "status": "passed",
                "duration": 0.0002893200144171715,
                "start": 1773284679.2230222,
                "stop": 1773284679.2234328,
                "retries": 0,
                "file_path": "test_outputs.py"
            }
        ]
    }
}