{
    "results": {
        "tool": {
            "name": "pytest",
            "version": "8.4.1"
        },
        "summary": {
            "tests": 1,
            "passed": 1,
            "failed": 0,
            "skipped": 0,
            "pending": 0,
            "other": 0,
            "start": 1773280982.1755123,
            "stop": 1773280982.1808486
        },
        "tests": [
            {
                "name": "test_outputs.py::test_outputs",
                "status": "passed",
                "duration": 0.0003172410652041435,
                "start": 1773280982.1802838,
                "stop": 1773280982.1807396,
                "retries": 0,
                "file_path": "test_outputs.py"
            }
        ]
    }
}