{
    "results": {
        "tool": {
            "name": "pytest",
            "version": "8.4.1"
        },
        "summary": {
            "tests": 1,
            "passed": 1,
            "failed": 0,
            "skipped": 0,
            "pending": 0,
            "other": 0,
            "start": 1773284498.7575705,
            "stop": 1773284498.7629023
        },
        "tests": [
            {
                "name": "test_outputs.py::test_outputs",
                "status": "passed",
                "duration": 0.0003310979809612036,
                "start": 1773284498.7623158,
                "stop": 1773284498.7627869,
                "retries": 0,
                "file_path": "test_outputs.py"
            }
        ]
    }
}