{
    "results": {
        "tool": {
            "name": "pytest",
            "version": "8.4.1"
        },
        "summary": {
            "tests": 1,
            "passed": 1,
            "failed": 0,
            "skipped": 0,
            "pending": 0,
            "other": 0,
            "start": 1773246186.014444,
            "stop": 1773246186.0198984
        },
        "tests": [
            {
                "name": "test_outputs.py::test_outputs",
                "status": "passed",
                "duration": 0.0003288593143224716,
                "start": 1773246186.0193102,
                "stop": 1773246186.0197842,
                "retries": 0,
                "file_path": "test_outputs.py"
            }
        ]
    }
}