{
    "results": {
        "tool": {
            "name": "pytest",
            "version": "8.4.1"
        },
        "summary": {
            "tests": 1,
            "passed": 1,
            "failed": 0,
            "skipped": 0,
            "pending": 0,
            "other": 0,
            "start": 1773284309.9300182,
            "stop": 1773284309.93442
        },
        "tests": [
            {
                "name": "test_outputs.py::test_outputs",
                "status": "passed",
                "duration": 0.0002957116812467575,
                "start": 1773284309.9339075,
                "stop": 1773284309.9343204,
                "retries": 0,
                "file_path": "test_outputs.py"
            }
        ]
    }
}