{
    "results": {
        "tool": {
            "name": "pytest",
            "version": "8.4.1"
        },
        "summary": {
            "tests": 1,
            "passed": 1,
            "failed": 0,
            "skipped": 0,
            "pending": 0,
            "other": 0,
            "start": 1773280856.869781,
            "stop": 1773280856.912131
        },
        "tests": [
            {
                "name": "test_outputs.py::test_outputs",
                "status": "passed",
                "duration": 0.00030487217009067535,
                "start": 1773280856.9115539,
                "stop": 1773280856.912002,
                "retries": 0,
                "file_path": "test_outputs.py"
            }
        ]
    }
}