{
    "results": {
        "tool": {
            "name": "pytest",
            "version": "8.4.1"
        },
        "summary": {
            "tests": 2,
            "passed": 2,
            "failed": 0,
            "skipped": 0,
            "pending": 0,
            "other": 0,
            "start": 1776618879.5485437,
            "stop": 1776618879.5572994
        },
        "tests": [
            {
                "name": "test_final_state.py::test_output_file_exists",
                "status": "passed",
                "duration": 0.00048768098349682987,
                "start": 1776618879.555703,
                "stop": 1776618879.5564039,
                "retries": 0,
                "file_path": "test_final_state.py"
            },
            {
                "name": "test_final_state.py::test_output_file_content",
                "status": "passed",
                "duration": 0.0004225709999445826,
                "start": 1776618879.5565896,
                "stop": 1776618879.5571382,
                "retries": 0,
                "file_path": "test_final_state.py"
            }
        ]
    }
}