{
    "results": {
        "tool": {
            "name": "pytest",
            "version": "8.4.1"
        },
        "summary": {
            "tests": 1,
            "passed": 1,
            "failed": 0,
            "skipped": 0,
            "pending": 0,
            "other": 0,
            "start": 1774599883.7291474,
            "stop": 1774599883.7334192
        },
        "tests": [
            {
                "name": "test_outputs.py::test_outputs",
                "status": "passed",
                "duration": 0.00028120027855038643,
                "start": 1774599883.7329218,
                "stop": 1774599883.7333217,
                "retries": 0,
                "file_path": "test_outputs.py"
            }
        ]
    }
}