{
    "results": {
        "tool": {
            "name": "pytest",
            "version": "8.4.1"
        },
        "summary": {
            "tests": 1,
            "passed": 1,
            "failed": 0,
            "skipped": 0,
            "pending": 0,
            "other": 0,
            "start": 1773236316.0990076,
            "stop": 1773236316.1047704
        },
        "tests": [
            {
                "name": "test_outputs.py::test_outputs",
                "status": "passed",
                "duration": 0.000354081392288208,
                "start": 1773236316.1041534,
                "stop": 1773236316.1046576,
                "retries": 0,
                "file_path": "test_outputs.py"
            }
        ]
    }
}