{
    "results": {
        "tool": {
            "name": "pytest",
            "version": "8.4.1"
        },
        "summary": {
            "tests": 1,
            "passed": 1,
            "failed": 0,
            "skipped": 0,
            "pending": 0,
            "other": 0,
            "start": 1773246136.137783,
            "stop": 1773246136.1421332
        },
        "tests": [
            {
                "name": "test_outputs.py::test_outputs",
                "status": "passed",
                "duration": 0.0002970299683511257,
                "start": 1773246136.1416264,
                "stop": 1773246136.1420352,
                "retries": 0,
                "file_path": "test_outputs.py"
            }
        ]
    }
}