{
    "results": {
        "tool": {
            "name": "pytest",
            "version": "8.4.1"
        },
        "summary": {
            "tests": 1,
            "passed": 1,
            "failed": 0,
            "skipped": 0,
            "pending": 0,
            "other": 0,
            "start": 1773254263.5025249,
            "stop": 1773254263.5075254
        },
        "tests": [
            {
                "name": "test_outputs.py::test_outputs",
                "status": "passed",
                "duration": 0.00033800583332777023,
                "start": 1773254263.5069299,
                "stop": 1773254263.507422,
                "retries": 0,
                "file_path": "test_outputs.py"
            }
        ]
    }
}