{
    "results": {
        "tool": {
            "name": "pytest",
            "version": "8.4.1"
        },
        "summary": {
            "tests": 1,
            "passed": 1,
            "failed": 0,
            "skipped": 0,
            "pending": 0,
            "other": 0,
            "start": 1774600105.2670896,
            "stop": 1774600105.2720995
        },
        "tests": [
            {
                "name": "test_outputs.py::test_outputs",
                "status": "passed",
                "duration": 0.00032130302861332893,
                "start": 1774600105.271535,
                "stop": 1774600105.2719898,
                "retries": 0,
                "file_path": "test_outputs.py"
            }
        ]
    }
}