{
    "results": {
        "tool": {
            "name": "pytest",
            "version": "8.4.1"
        },
        "summary": {
            "tests": 1,
            "passed": 1,
            "failed": 0,
            "skipped": 0,
            "pending": 0,
            "other": 0,
            "start": 1773254931.8969164,
            "stop": 1773254931.9019184
        },
        "tests": [
            {
                "name": "test_outputs.py::test_outputs",
                "status": "passed",
                "duration": 0.000295999925583601,
                "start": 1773254931.9013832,
                "stop": 1773254931.9018092,
                "retries": 0,
                "file_path": "test_outputs.py"
            }
        ]
    }
}