{
    "results": {
        "tool": {
            "name": "pytest",
            "version": "8.4.1"
        },
        "summary": {
            "tests": 1,
            "passed": 1,
            "failed": 0,
            "skipped": 0,
            "pending": 0,
            "other": 0,
            "start": 1773236163.6171694,
            "stop": 1773236163.621535
        },
        "tests": [
            {
                "name": "test_outputs.py::test_outputs",
                "status": "passed",
                "duration": 0.00027460837736725807,
                "start": 1773236163.6210458,
                "stop": 1773236163.6214383,
                "retries": 0,
                "file_path": "test_outputs.py"
            }
        ]
    }
}