{
    "results": {
        "tool": {
            "name": "pytest",
            "version": "8.4.1"
        },
        "summary": {
            "tests": 1,
            "passed": 1,
            "failed": 0,
            "skipped": 0,
            "pending": 0,
            "other": 0,
            "start": 1773254194.0163834,
            "stop": 1773254194.0207493
        },
        "tests": [
            {
                "name": "test_outputs.py::test_outputs",
                "status": "passed",
                "duration": 0.00027173012495040894,
                "start": 1773254194.0202665,
                "stop": 1773254194.020653,
                "retries": 0,
                "file_path": "test_outputs.py"
            }
        ]
    }
}