{
    "results": {
        "tool": {
            "name": "pytest",
            "version": "8.4.1"
        },
        "summary": {
            "tests": 1,
            "passed": 1,
            "failed": 0,
            "skipped": 0,
            "pending": 0,
            "other": 0,
            "start": 1773254929.8476608,
            "stop": 1773254929.851938
        },
        "tests": [
            {
                "name": "test_outputs.py::test_outputs",
                "status": "passed",
                "duration": 0.0002656676806509495,
                "start": 1773254929.8514593,
                "stop": 1773254929.851838,
                "retries": 0,
                "file_path": "test_outputs.py"
            }
        ]
    }
}