{
    "results": {
        "tool": {
            "name": "pytest",
            "version": "8.4.1"
        },
        "summary": {
            "tests": 1,
            "passed": 1,
            "failed": 0,
            "skipped": 0,
            "pending": 0,
            "other": 0,
            "start": 1773292307.8495226,
            "stop": 1773292307.8549423
        },
        "tests": [
            {
                "name": "test_outputs.py::test_outputs",
                "status": "passed",
                "duration": 0.00033834902569651604,
                "start": 1773292307.854329,
                "stop": 1773292307.8548224,
                "retries": 0,
                "file_path": "test_outputs.py"
            }
        ]
    }
}