{
    "results": {
        "tool": {
            "name": "pytest",
            "version": "8.4.1"
        },
        "summary": {
            "tests": 1,
            "passed": 1,
            "failed": 0,
            "skipped": 0,
            "pending": 0,
            "other": 0,
            "start": 1773284380.016937,
            "stop": 1773284380.02179
        },
        "tests": [
            {
                "name": "test_outputs.py::test_outputs",
                "status": "passed",
                "duration": 0.00029700109735131264,
                "start": 1773284380.0212603,
                "stop": 1773284380.0216835,
                "retries": 0,
                "file_path": "test_outputs.py"
            }
        ]
    }
}