{
    "results": {
        "tool": {
            "name": "pytest",
            "version": "8.4.1"
        },
        "summary": {
            "tests": 1,
            "passed": 1,
            "failed": 0,
            "skipped": 0,
            "pending": 0,
            "other": 0,
            "start": 1774599763.3362184,
            "stop": 1774599763.3409054
        },
        "tests": [
            {
                "name": "test_outputs.py::test_outputs",
                "status": "passed",
                "duration": 0.0002860967069864273,
                "start": 1774599763.3403869,
                "stop": 1774599763.3407996,
                "retries": 0,
                "file_path": "test_outputs.py"
            }
        ]
    }
}