{
    "results": {
        "tool": {
            "name": "pytest",
            "version": "8.4.1"
        },
        "summary": {
            "tests": 1,
            "passed": 1,
            "failed": 0,
            "skipped": 0,
            "pending": 0,
            "other": 0,
            "start": 1773239098.3208072,
            "stop": 1773239098.326258
        },
        "tests": [
            {
                "name": "test_outputs.py::test_outputs",
                "status": "passed",
                "duration": 0.0003199726343154907,
                "start": 1773239098.3256674,
                "stop": 1773239098.3261306,
                "retries": 0,
                "file_path": "test_outputs.py"
            }
        ]
    }
}