{
    "results": {
        "tool": {
            "name": "pytest",
            "version": "8.4.1"
        },
        "summary": {
            "tests": 1,
            "passed": 1,
            "failed": 0,
            "skipped": 0,
            "pending": 0,
            "other": 0,
            "start": 1773239000.909528,
            "stop": 1773239000.9145606
        },
        "tests": [
            {
                "name": "test_outputs.py::test_outputs",
                "status": "passed",
                "duration": 0.00032128114253282547,
                "start": 1773239000.914008,
                "stop": 1773239000.914457,
                "retries": 0,
                "file_path": "test_outputs.py"
            }
        ]
    }
}