{
    "results": {
        "tool": {
            "name": "pytest",
            "version": "8.4.1"
        },
        "summary": {
            "tests": 1,
            "passed": 1,
            "failed": 0,
            "skipped": 0,
            "pending": 0,
            "other": 0,
            "start": 1773284301.8635716,
            "stop": 1773284301.9158123
        },
        "tests": [
            {
                "name": "test_outputs.py::test_outputs",
                "status": "passed",
                "duration": 0.00030301883816719055,
                "start": 1773284301.9152524,
                "stop": 1773284301.9156992,
                "retries": 0,
                "file_path": "test_outputs.py"
            }
        ]
    }
}