{
    "results": {
        "tool": {
            "name": "pytest",
            "version": "8.4.1"
        },
        "summary": {
            "tests": 1,
            "passed": 1,
            "failed": 0,
            "skipped": 0,
            "pending": 0,
            "other": 0,
            "start": 1773254819.2071729,
            "stop": 1773254819.212879
        },
        "tests": [
            {
                "name": "test_outputs.py::test_outputs",
                "status": "passed",
                "duration": 0.0003308570012450218,
                "start": 1773254819.2122946,
                "stop": 1773254819.2127628,
                "retries": 0,
                "file_path": "test_outputs.py"
            }
        ]
    }
}