{
    "results": {
        "tool": {
            "name": "pytest",
            "version": "8.4.1"
        },
        "summary": {
            "tests": 2,
            "passed": 2,
            "failed": 0,
            "skipped": 0,
            "pending": 0,
            "other": 0,
            "start": 1776274571.1444385,
            "stop": 1776274571.2306528
        },
        "tests": [
            {
                "name": "test_final_state.py::test_file_content",
                "status": "passed",
                "duration": 0.0004787696525454521,
                "start": 1776274571.2059588,
                "stop": 1776274571.2066476,
                "retries": 0,
                "file_path": "test_final_state.py"
            },
            {
                "name": "test_final_state.py::test_jj_log",
                "status": "passed",
                "duration": 0.023433362133800983,
                "start": 1776274571.206836,
                "stop": 1776274571.2304707,
                "retries": 0,
                "file_path": "test_final_state.py"
            }
        ]
    }
}